-- phpMyAdmin SQL Dump
-- version 4.4.15.5
-- http://www.phpmyadmin.net
--
-- Host: 127.0.0.1:3306
-- Generation Time: Jul 12, 2016 at 01:03 PM
-- Server version: 5.5.48
-- PHP Version: 5.3.29

SET SQL_MODE = "NO_AUTO_VALUE_ON_ZERO";
SET time_zone = "+00:00";


/*!40101 SET @OLD_CHARACTER_SET_CLIENT=@@CHARACTER_SET_CLIENT */;
/*!40101 SET @OLD_CHARACTER_SET_RESULTS=@@CHARACTER_SET_RESULTS */;
/*!40101 SET @OLD_COLLATION_CONNECTION=@@COLLATION_CONNECTION */;
/*!40101 SET NAMES utf8mb4 */;

--
-- Database: `node_blog`
--

-- --------------------------------------------------------

--
-- Table structure for table `category`
--

CREATE TABLE IF NOT EXISTS `category` (
  `category_id` bigint(20) unsigned NOT NULL,
  `category_name` varchar(255) NOT NULL
) ENGINE=InnoDB AUTO_INCREMENT=6 DEFAULT CHARSET=utf8;

--
-- Dumping data for table `category`
--

INSERT INTO `category` (`category_id`, `category_name`) VALUES
(1, 'javascript'),
(2, 'php'),
(3, 'seo'),
(4, 'web-development'),
(5, 'angular');

-- --------------------------------------------------------

--
-- Table structure for table `comment`
--

CREATE TABLE IF NOT EXISTS `comment` (
  `comment_id` bigint(20) unsigned NOT NULL,
  `user_id` bigint(20) unsigned NOT NULL,
  `post_id` bigint(20) unsigned NOT NULL,
  `date` date NOT NULL DEFAULT '0000-00-00',
  `comment_content` longtext NOT NULL,
  `is_hidden` bit(1) NOT NULL
) ENGINE=InnoDB AUTO_INCREMENT=5 DEFAULT CHARSET=utf8;

--
-- Dumping data for table `comment`
--

INSERT INTO `comment` (`comment_id`, `user_id`, `post_id`, `date`, `comment_content`, `is_hidden`) VALUES
(1, 1, 51, '2016-07-05', 'Cras sit amet nibh libero, in gravida nulla. Nulla vel metus scelerisque ante sollicitudin commodo. Cras purus odio, vestibulum in vulputate at, tempus viverra turpis. Fusce condimentum nunc ac nisi vulputate fringilla. Donec lacinia congue felis in faucibus.', b'0'),
(2, 1, 51, '2016-07-06', 'Cras sit amet nibh libero, in gravida nulla. Nulla vel metus scelerisque ante sollicitudin commodo. Cras purus odio, vestibulum in vulputate at, tempus viverra turpis. Fusce condimentum nunc ac nisi vulputate fringilla. Donec lacinia congue felis in faucibus.', b'0'),
(3, 2, 51, '2016-07-10', 'Cras sit amet nibh libero, in gravida nulla. Nulla vel metus scelerisque ante sollicitudin commodo. Cras purus odio, vestibulum in vulputate at, tempus viverra turpis. Fusce condimentum nunc ac nisi vulputate fringilla. Donec lacinia congue felis in faucibus.', b'0'),
(4, 2, 50, '2016-07-06', 'Cras sit amet nibh libero, in gravida nulla. Nulla vel metus scelerisque ante sollicitudin commodo. Cras purus odio, vestibulum in vulputate at, tempus viverra turpis. Fusce condimentum nunc ac nisi vulputate fringilla. Donec lacinia congue felis in faucibus.', b'1');

-- --------------------------------------------------------

--
-- Table structure for table `post`
--

CREATE TABLE IF NOT EXISTS `post` (
  `post_id` bigint(20) unsigned NOT NULL,
  `user_id` bigint(20) unsigned NOT NULL DEFAULT '0',
  `title` text NOT NULL,
  `date` date NOT NULL DEFAULT '0000-00-00',
  `content` longtext NOT NULL,
  `post_category_id` bigint(20) unsigned NOT NULL DEFAULT '0'
) ENGINE=InnoDB AUTO_INCREMENT=52 DEFAULT CHARSET=utf8;

--
-- Dumping data for table `post`
--

INSERT INTO `post` (`post_id`, `user_id`, `title`, `date`, `content`, `post_category_id`) VALUES
(1, 1, 'Test post 1', '2016-07-03', '<p class="lead">Lorem ipsum dolor sit amet, consectetur adipisicing elit. Ducimus, vero, obcaecati, aut, error quam sapiente nemo saepe quibusdam sit excepturi nam quia corporis eligendi eos magni recusandae laborum minus inventore?</p><p>Lorem ipsum dolor sit amet, consectetur adipisicing elit. Ut, tenetur natus doloremque laborum quos iste ipsum rerum obcaecati impedit odit illo dolorum ab tempora nihil dicta earum fugiat. Temporibus, voluptatibus.</p><p>Lorem ipsum dolor sit amet, consectetur adipisicing elit. Ut, tenetur natus doloremque laborum quos iste ipsum rerum obcaecati impedit odit illo dolorum ab tempora nihil dicta earum fugiat. Temporibus, voluptatibus.</p><p>Lorem ipsum dolor sit amet, consectetur adipisicing elit. Ut, tenetur natus doloremque laborum quos iste ipsum rerum obcaecati impedit odit illo dolorum ab tempora nihil dicta earum fugiat. Temporibus, voluptatibus.</p>', 4),
(2, 1, 'Test post 2', '2016-07-04', '<p class="lead">Lorem ipsum dolor sit amet, consectetur adipisicing elit. Ducimus, vero, obcaecati, aut, error quam sapiente nemo saepe quibusdam sit excepturi nam quia corporis eligendi eos magni recusandae laborum minus inventore?</p><p>Lorem ipsum dolor sit amet, consectetur adipisicing elit. Ut, tenetur natus doloremque laborum quos iste ipsum rerum obcaecati impedit odit illo dolorum ab tempora nihil dicta earum fugiat. Temporibus, voluptatibus.</p><p>Lorem ipsum dolor sit amet, consectetur adipisicing elit. Ut, tenetur natus doloremque laborum quos iste ipsum rerum obcaecati impedit odit illo dolorum ab tempora nihil dicta earum fugiat. Temporibus, voluptatibus.</p><p>Lorem ipsum dolor sit amet, consectetur adipisicing elit. Ut, tenetur natus doloremque laborum quos iste ipsum rerum obcaecati impedit odit illo dolorum ab tempora nihil dicta earum fugiat. Temporibus, voluptatibus.</p>', 4),
(3, 1, 'Test post 3', '2016-07-03', '<p class="lead">Lorem ipsum dolor sit amet, consectetur adipisicing elit. Ducimus, vero, obcaecati, aut, error quam sapiente nemo saepe quibusdam sit excepturi nam quia corporis eligendi eos magni recusandae laborum minus inventore?</p><p>Lorem ipsum dolor sit amet, consectetur adipisicing elit. Ut, tenetur natus doloremque laborum quos iste ipsum rerum obcaecati impedit odit illo dolorum ab tempora nihil dicta earum fugiat. Temporibus, voluptatibus.</p><p>Lorem ipsum dolor sit amet, consectetur adipisicing elit. Ut, tenetur natus doloremque laborum quos iste ipsum rerum obcaecati impedit odit illo dolorum ab tempora nihil dicta earum fugiat. Temporibus, voluptatibus.</p><p>Lorem ipsum dolor sit amet, consectetur adipisicing elit. Ut, tenetur natus doloremque laborum quos iste ipsum rerum obcaecati impedit odit illo dolorum ab tempora nihil dicta earum fugiat. Temporibus, voluptatibus.</p>', 4),
(4, 1, 'Test post 4', '2016-07-04', '<p class="lead">Lorem ipsum dolor sit amet, consectetur adipisicing elit. Ducimus, vero, obcaecati, aut, error quam sapiente nemo saepe quibusdam sit excepturi nam quia corporis eligendi eos magni recusandae laborum minus inventore?</p><p>Lorem ipsum dolor sit amet, consectetur adipisicing elit. Ut, tenetur natus doloremque laborum quos iste ipsum rerum obcaecati impedit odit illo dolorum ab tempora nihil dicta earum fugiat. Temporibus, voluptatibus.</p>\r\n<!--preview-->\r\n<p>Lorem ipsum dolor sit amet, consectetur adipisicing elit. Ut, tenetur natus doloremque laborum quos iste ipsum rerum obcaecati impedit odit illo dolorum ab tempora nihil dicta earum fugiat. Temporibus, voluptatibus.</p><p>Lorem ipsum dolor sit amet, consectetur adipisicing elit. Ut, tenetur natus doloremque laborum quos iste ipsum rerum obcaecati impedit odit illo dolorum ab tempora nihil dicta earum fugiat. Temporibus, voluptatibus.</p>', 4),
(5, 1, 'Test post 5', '2016-06-07', '<p class="lead">Lorem ipsum dolor sit amet, consectetur adipisicing elit. Ducimus, vero, obcaecati, aut, error quam sapiente nemo saepe quibusdam sit excepturi nam quia corporis eligendi eos magni recusandae laborum minus inventore?</p><p>Lorem ipsum dolor sit amet, consectetur adipisicing elit. Ut, tenetur natus doloremque laborum quos iste ipsum rerum obcaecati impedit odit illo dolorum ab tempora nihil dicta earum fugiat. Temporibus, voluptatibus.</p><p>Lorem ipsum dolor sit amet, consectetur adipisicing elit. Ut, tenetur natus doloremque laborum quos iste ipsum rerum obcaecati impedit odit illo dolorum ab tempora nihil dicta earum fugiat. Temporibus, voluptatibus.</p><p>Lorem ipsum dolor sit amet, consectetur adipisicing elit. Ut, tenetur natus doloremque laborum quos iste ipsum rerum obcaecati impedit odit illo dolorum ab tempora nihil dicta earum fugiat. Temporibus, voluptatibus.</p>', 4),
(6, 1, 'Test post 6', '2016-06-07', '<p class="lead">Lorem ipsum dolor sit amet, consectetur adipisicing elit. Ducimus, vero, obcaecati, aut, error quam sapiente nemo saepe quibusdam sit excepturi nam quia corporis eligendi eos magni recusandae laborum minus inventore?</p><p>Lorem ipsum dolor sit amet, consectetur adipisicing elit. Ut, tenetur natus doloremque laborum quos iste ipsum rerum obcaecati impedit odit illo dolorum ab tempora nihil dicta earum fugiat. Temporibus, voluptatibus.</p><p>Lorem ipsum dolor sit amet, consectetur adipisicing elit. Ut, tenetur natus doloremque laborum quos iste ipsum rerum obcaecati impedit odit illo dolorum ab tempora nihil dicta earum fugiat. Temporibus, voluptatibus.</p><p>Lorem ipsum dolor sit amet, consectetur adipisicing elit. Ut, tenetur natus doloremque laborum quos iste ipsum rerum obcaecati impedit odit illo dolorum ab tempora nihil dicta earum fugiat. Temporibus, voluptatibus.</p>', 4),
(7, 1, 'Test post 7', '2016-06-07', '<p class="lead">Lorem ipsum dolor sit amet, consectetur adipisicing elit. Ducimus, vero, obcaecati, aut, error quam sapiente nemo saepe quibusdam sit excepturi nam quia corporis eligendi eos magni recusandae laborum minus inventore?</p><p>Lorem ipsum dolor sit amet, consectetur adipisicing elit. Ut, tenetur natus doloremque laborum quos iste ipsum rerum obcaecati impedit odit illo dolorum ab tempora nihil dicta earum fugiat. Temporibus, voluptatibus.</p><p>Lorem ipsum dolor sit amet, consectetur adipisicing elit. Ut, tenetur natus doloremque laborum quos iste ipsum rerum obcaecati impedit odit illo dolorum ab tempora nihil dicta earum fugiat. Temporibus, voluptatibus.</p><p>Lorem ipsum dolor sit amet, consectetur adipisicing elit. Ut, tenetur natus doloremque laborum quos iste ipsum rerum obcaecati impedit odit illo dolorum ab tempora nihil dicta earum fugiat. Temporibus, voluptatibus.</p>', 4),
(8, 1, 'Test post 8', '2016-06-07', '<p class="lead">Lorem ipsum dolor sit amet, consectetur adipisicing elit. Ducimus, vero, obcaecati, aut, error quam sapiente nemo saepe quibusdam sit excepturi nam quia corporis eligendi eos magni recusandae laborum minus inventore?</p><p>Lorem ipsum dolor sit amet, consectetur adipisicing elit. Ut, tenetur natus doloremque laborum quos iste ipsum rerum obcaecati impedit odit illo dolorum ab tempora nihil dicta earum fugiat. Temporibus, voluptatibus.</p><p>Lorem ipsum dolor sit amet, consectetur adipisicing elit. Ut, tenetur natus doloremque laborum quos iste ipsum rerum obcaecati impedit odit illo dolorum ab tempora nihil dicta earum fugiat. Temporibus, voluptatibus.</p><p>Lorem ipsum dolor sit amet, consectetur adipisicing elit. Ut, tenetur natus doloremque laborum quos iste ipsum rerum obcaecati impedit odit illo dolorum ab tempora nihil dicta earum fugiat. Temporibus, voluptatibus.</p>', 4),
(9, 1, 'Test post 9', '2016-07-03', '<p class="lead">Lorem ipsum dolor sit amet, consectetur adipisicing elit. Ducimus, vero, obcaecati, aut, error quam sapiente nemo saepe quibusdam sit excepturi nam quia corporis eligendi eos magni recusandae laborum minus inventore?</p><p>Lorem ipsum dolor sit amet, consectetur adipisicing elit. Ut, tenetur natus doloremque laborum quos iste ipsum rerum obcaecati impedit odit illo dolorum ab tempora nihil dicta earum fugiat. Temporibus, voluptatibus.</p><p>Lorem ipsum dolor sit amet, consectetur adipisicing elit. Ut, tenetur natus doloremque laborum quos iste ipsum rerum obcaecati impedit odit illo dolorum ab tempora nihil dicta earum fugiat. Temporibus, voluptatibus.</p><p>Lorem ipsum dolor sit amet, consectetur adipisicing elit. Ut, tenetur natus doloremque laborum quos iste ipsum rerum obcaecati impedit odit illo dolorum ab tempora nihil dicta earum fugiat. Temporibus, voluptatibus.</p>', 4),
(10, 1, 'Test post 10', '2016-07-03', '<p class="lead">Lorem ipsum dolor sit amet, consectetur adipisicing elit. Ducimus, vero, obcaecati, aut, error quam sapiente nemo saepe quibusdam sit excepturi nam quia corporis eligendi eos magni recusandae laborum minus inventore?</p><p>Lorem ipsum dolor sit amet, consectetur adipisicing elit. Ut, tenetur natus doloremque laborum quos iste ipsum rerum obcaecati impedit odit illo dolorum ab tempora nihil dicta earum fugiat. Temporibus, voluptatibus.</p><p>Lorem ipsum dolor sit amet, consectetur adipisicing elit. Ut, tenetur natus doloremque laborum quos iste ipsum rerum obcaecati impedit odit illo dolorum ab tempora nihil dicta earum fugiat. Temporibus, voluptatibus.</p><p>Lorem ipsum dolor sit amet, consectetur adipisicing elit. Ut, tenetur natus doloremque laborum quos iste ipsum rerum obcaecati impedit odit illo dolorum ab tempora nihil dicta earum fugiat. Temporibus, voluptatibus.</p>', 4),
(11, 1, 'Test post 11', '2016-07-03', '<p class="lead">Lorem ipsum dolor sit amet, consectetur adipisicing elit. Ducimus, vero, obcaecati, aut, error quam sapiente nemo saepe quibusdam sit excepturi nam quia corporis eligendi eos magni recusandae laborum minus inventore?</p><p>Lorem ipsum dolor sit amet, consectetur adipisicing elit. Ut, tenetur natus doloremque laborum quos iste ipsum rerum obcaecati impedit odit illo dolorum ab tempora nihil dicta earum fugiat. Temporibus, voluptatibus.</p><p>Lorem ipsum dolor sit amet, consectetur adipisicing elit. Ut, tenetur natus doloremque laborum quos iste ipsum rerum obcaecati impedit odit illo dolorum ab tempora nihil dicta earum fugiat. Temporibus, voluptatibus.</p><p>Lorem ipsum dolor sit amet, consectetur adipisicing elit. Ut, tenetur natus doloremque laborum quos iste ipsum rerum obcaecati impedit odit illo dolorum ab tempora nihil dicta earum fugiat. Temporibus, voluptatibus.</p>', 4),
(12, 1, 'Test post 12', '2016-07-03', '<p class="lead">Lorem ipsum dolor sit amet, consectetur adipisicing elit. Ducimus, vero, obcaecati, aut, error quam sapiente nemo saepe quibusdam sit excepturi nam quia corporis eligendi eos magni recusandae laborum minus inventore?</p><p>Lorem ipsum dolor sit amet, consectetur adipisicing elit. Ut, tenetur natus doloremque laborum quos iste ipsum rerum obcaecati impedit odit illo dolorum ab tempora nihil dicta earum fugiat. Temporibus, voluptatibus.</p><p>Lorem ipsum dolor sit amet, consectetur adipisicing elit. Ut, tenetur natus doloremque laborum quos iste ipsum rerum obcaecati impedit odit illo dolorum ab tempora nihil dicta earum fugiat. Temporibus, voluptatibus.</p><p>Lorem ipsum dolor sit amet, consectetur adipisicing elit. Ut, tenetur natus doloremque laborum quos iste ipsum rerum obcaecati impedit odit illo dolorum ab tempora nihil dicta earum fugiat. Temporibus, voluptatibus.</p>', 4),
(13, 1, 'Test post 13', '2016-07-03', '<p class="lead">Lorem ipsum dolor sit amet, consectetur adipisicing elit. Ducimus, vero, obcaecati, aut, error quam sapiente nemo saepe quibusdam sit excepturi nam quia corporis eligendi eos magni recusandae laborum minus inventore?</p><p>Lorem ipsum dolor sit amet, consectetur adipisicing elit. Ut, tenetur natus doloremque laborum quos iste ipsum rerum obcaecati impedit odit illo dolorum ab tempora nihil dicta earum fugiat. Temporibus, voluptatibus.</p><p>Lorem ipsum dolor sit amet, consectetur adipisicing elit. Ut, tenetur natus doloremque laborum quos iste ipsum rerum obcaecati impedit odit illo dolorum ab tempora nihil dicta earum fugiat. Temporibus, voluptatibus.</p><p>Lorem ipsum dolor sit amet, consectetur adipisicing elit. Ut, tenetur natus doloremque laborum quos iste ipsum rerum obcaecati impedit odit illo dolorum ab tempora nihil dicta earum fugiat. Temporibus, voluptatibus.</p>', 4),
(14, 1, 'Test post 14', '2016-07-03', '<p class="lead">Lorem ipsum dolor sit amet, consectetur adipisicing elit. Ducimus, vero, obcaecati, aut, error quam sapiente nemo saepe quibusdam sit excepturi nam quia corporis eligendi eos magni recusandae laborum minus inventore?</p><p>Lorem ipsum dolor sit amet, consectetur adipisicing elit. Ut, tenetur natus doloremque laborum quos iste ipsum rerum obcaecati impedit odit illo dolorum ab tempora nihil dicta earum fugiat. Temporibus, voluptatibus.</p><p>Lorem ipsum dolor sit amet, consectetur adipisicing elit. Ut, tenetur natus doloremque laborum quos iste ipsum rerum obcaecati impedit odit illo dolorum ab tempora nihil dicta earum fugiat. Temporibus, voluptatibus.</p><p>Lorem ipsum dolor sit amet, consectetur adipisicing elit. Ut, tenetur natus doloremque laborum quos iste ipsum rerum obcaecati impedit odit illo dolorum ab tempora nihil dicta earum fugiat. Temporibus, voluptatibus.</p>', 4),
(15, 1, 'Test post 15', '2016-07-03', '<p class="lead">Lorem ipsum dolor sit amet, consectetur adipisicing elit. Ducimus, vero, obcaecati, aut, error quam sapiente nemo saepe quibusdam sit excepturi nam quia corporis eligendi eos magni recusandae laborum minus inventore?</p><p>Lorem ipsum dolor sit amet, consectetur adipisicing elit. Ut, tenetur natus doloremque laborum quos iste ipsum rerum obcaecati impedit odit illo dolorum ab tempora nihil dicta earum fugiat. Temporibus, voluptatibus.</p><p>Lorem ipsum dolor sit amet, consectetur adipisicing elit. Ut, tenetur natus doloremque laborum quos iste ipsum rerum obcaecati impedit odit illo dolorum ab tempora nihil dicta earum fugiat. Temporibus, voluptatibus.</p><p>Lorem ipsum dolor sit amet, consectetur adipisicing elit. Ut, tenetur natus doloremque laborum quos iste ipsum rerum obcaecati impedit odit illo dolorum ab tempora nihil dicta earum fugiat. Temporibus, voluptatibus.</p>', 4),
(16, 1, 'Test post 16', '2016-07-03', '<p class="lead">Lorem ipsum dolor sit amet, consectetur adipisicing elit. Ducimus, vero, obcaecati, aut, error quam sapiente nemo saepe quibusdam sit excepturi nam quia corporis eligendi eos magni recusandae laborum minus inventore?</p><p>Lorem ipsum dolor sit amet, consectetur adipisicing elit. Ut, tenetur natus doloremque laborum quos iste ipsum rerum obcaecati impedit odit illo dolorum ab tempora nihil dicta earum fugiat. Temporibus, voluptatibus.</p><p>Lorem ipsum dolor sit amet, consectetur adipisicing elit. Ut, tenetur natus doloremque laborum quos iste ipsum rerum obcaecati impedit odit illo dolorum ab tempora nihil dicta earum fugiat. Temporibus, voluptatibus.</p><p>Lorem ipsum dolor sit amet, consectetur adipisicing elit. Ut, tenetur natus doloremque laborum quos iste ipsum rerum obcaecati impedit odit illo dolorum ab tempora nihil dicta earum fugiat. Temporibus, voluptatibus.</p>', 4),
(17, 1, 'Test post 17', '2016-07-03', '<p class="lead">Lorem ipsum dolor sit amet, consectetur adipisicing elit. Ducimus, vero, obcaecati, aut, error quam sapiente nemo saepe quibusdam sit excepturi nam quia corporis eligendi eos magni recusandae laborum minus inventore?</p><p>Lorem ipsum dolor sit amet, consectetur adipisicing elit. Ut, tenetur natus doloremque laborum quos iste ipsum rerum obcaecati impedit odit illo dolorum ab tempora nihil dicta earum fugiat. Temporibus, voluptatibus.</p><p>Lorem ipsum dolor sit amet, consectetur adipisicing elit. Ut, tenetur natus doloremque laborum quos iste ipsum rerum obcaecati impedit odit illo dolorum ab tempora nihil dicta earum fugiat. Temporibus, voluptatibus.</p><p>Lorem ipsum dolor sit amet, consectetur adipisicing elit. Ut, tenetur natus doloremque laborum quos iste ipsum rerum obcaecati impedit odit illo dolorum ab tempora nihil dicta earum fugiat. Temporibus, voluptatibus.</p>', 4),
(18, 1, 'Test post 18', '2016-07-03', '<p class="lead">Lorem ipsum dolor sit amet, consectetur adipisicing elit. Ducimus, vero, obcaecati, aut, error quam sapiente nemo saepe quibusdam sit excepturi nam quia corporis eligendi eos magni recusandae laborum minus inventore?</p><p>Lorem ipsum dolor sit amet, consectetur adipisicing elit. Ut, tenetur natus doloremque laborum quos iste ipsum rerum obcaecati impedit odit illo dolorum ab tempora nihil dicta earum fugiat. Temporibus, voluptatibus.</p><p>Lorem ipsum dolor sit amet, consectetur adipisicing elit. Ut, tenetur natus doloremque laborum quos iste ipsum rerum obcaecati impedit odit illo dolorum ab tempora nihil dicta earum fugiat. Temporibus, voluptatibus.</p><p>Lorem ipsum dolor sit amet, consectetur adipisicing elit. Ut, tenetur natus doloremque laborum quos iste ipsum rerum obcaecati impedit odit illo dolorum ab tempora nihil dicta earum fugiat. Temporibus, voluptatibus.</p>', 4),
(19, 1, 'Test post 19', '2016-07-03', '<p class="lead">Lorem ipsum dolor sit amet, consectetur adipisicing elit. Ducimus, vero, obcaecati, aut, error quam sapiente nemo saepe quibusdam sit excepturi nam quia corporis eligendi eos magni recusandae laborum minus inventore?</p><p>Lorem ipsum dolor sit amet, consectetur adipisicing elit. Ut, tenetur natus doloremque laborum quos iste ipsum rerum obcaecati impedit odit illo dolorum ab tempora nihil dicta earum fugiat. Temporibus, voluptatibus.</p><p>Lorem ipsum dolor sit amet, consectetur adipisicing elit. Ut, tenetur natus doloremque laborum quos iste ipsum rerum obcaecati impedit odit illo dolorum ab tempora nihil dicta earum fugiat. Temporibus, voluptatibus.</p><p>Lorem ipsum dolor sit amet, consectetur adipisicing elit. Ut, tenetur natus doloremque laborum quos iste ipsum rerum obcaecati impedit odit illo dolorum ab tempora nihil dicta earum fugiat. Temporibus, voluptatibus.</p>', 4),
(20, 1, 'Test post 20', '2016-07-03', '<p class="lead">Lorem ipsum dolor sit amet, consectetur adipisicing elit. Ducimus, vero, obcaecati, aut, error quam sapiente nemo saepe quibusdam sit excepturi nam quia corporis eligendi eos magni recusandae laborum minus inventore?</p><p>Lorem ipsum dolor sit amet, consectetur adipisicing elit. Ut, tenetur natus doloremque laborum quos iste ipsum rerum obcaecati impedit odit illo dolorum ab tempora nihil dicta earum fugiat. Temporibus, voluptatibus.</p><p>Lorem ipsum dolor sit amet, consectetur adipisicing elit. Ut, tenetur natus doloremque laborum quos iste ipsum rerum obcaecati impedit odit illo dolorum ab tempora nihil dicta earum fugiat. Temporibus, voluptatibus.</p><p>Lorem ipsum dolor sit amet, consectetur adipisicing elit. Ut, tenetur natus doloremque laborum quos iste ipsum rerum obcaecati impedit odit illo dolorum ab tempora nihil dicta earum fugiat. Temporibus, voluptatibus.</p>', 4),
(21, 1, 'Test post 21', '2016-07-03', '<p class="lead">Lorem ipsum dolor sit amet, consectetur adipisicing elit. Ducimus, vero, obcaecati, aut, error quam sapiente nemo saepe quibusdam sit excepturi nam quia corporis eligendi eos magni recusandae laborum minus inventore?</p><p>Lorem ipsum dolor sit amet, consectetur adipisicing elit. Ut, tenetur natus doloremque laborum quos iste ipsum rerum obcaecati impedit odit illo dolorum ab tempora nihil dicta earum fugiat. Temporibus, voluptatibus.</p><p>Lorem ipsum dolor sit amet, consectetur adipisicing elit. Ut, tenetur natus doloremque laborum quos iste ipsum rerum obcaecati impedit odit illo dolorum ab tempora nihil dicta earum fugiat. Temporibus, voluptatibus.</p><p>Lorem ipsum dolor sit amet, consectetur adipisicing elit. Ut, tenetur natus doloremque laborum quos iste ipsum rerum obcaecati impedit odit illo dolorum ab tempora nihil dicta earum fugiat. Temporibus, voluptatibus.</p>', 4),
(22, 1, 'Test post 22', '2016-07-03', '<p class="lead">Lorem ipsum dolor sit amet, consectetur adipisicing elit. Ducimus, vero, obcaecati, aut, error quam sapiente nemo saepe quibusdam sit excepturi nam quia corporis eligendi eos magni recusandae laborum minus inventore?</p><p>Lorem ipsum dolor sit amet, consectetur adipisicing elit. Ut, tenetur natus doloremque laborum quos iste ipsum rerum obcaecati impedit odit illo dolorum ab tempora nihil dicta earum fugiat. Temporibus, voluptatibus.</p><p>Lorem ipsum dolor sit amet, consectetur adipisicing elit. Ut, tenetur natus doloremque laborum quos iste ipsum rerum obcaecati impedit odit illo dolorum ab tempora nihil dicta earum fugiat. Temporibus, voluptatibus.</p><p>Lorem ipsum dolor sit amet, consectetur adipisicing elit. Ut, tenetur natus doloremque laborum quos iste ipsum rerum obcaecati impedit odit illo dolorum ab tempora nihil dicta earum fugiat. Temporibus, voluptatibus.</p>', 4),
(23, 1, 'Test post 23', '2016-07-03', '<p class="lead">Lorem ipsum dolor sit amet, consectetur adipisicing elit. Ducimus, vero, obcaecati, aut, error quam sapiente nemo saepe quibusdam sit excepturi nam quia corporis eligendi eos magni recusandae laborum minus inventore?</p><p>Lorem ipsum dolor sit amet, consectetur adipisicing elit. Ut, tenetur natus doloremque laborum quos iste ipsum rerum obcaecati impedit odit illo dolorum ab tempora nihil dicta earum fugiat. Temporibus, voluptatibus.</p><p>Lorem ipsum dolor sit amet, consectetur adipisicing elit. Ut, tenetur natus doloremque laborum quos iste ipsum rerum obcaecati impedit odit illo dolorum ab tempora nihil dicta earum fugiat. Temporibus, voluptatibus.</p><p>Lorem ipsum dolor sit amet, consectetur adipisicing elit. Ut, tenetur natus doloremque laborum quos iste ipsum rerum obcaecati impedit odit illo dolorum ab tempora nihil dicta earum fugiat. Temporibus, voluptatibus.</p>', 4),
(24, 1, 'Test post 24', '2016-07-03', '<p class="lead">Lorem ipsum dolor sit amet, consectetur adipisicing elit. Ducimus, vero, obcaecati, aut, error quam sapiente nemo saepe quibusdam sit excepturi nam quia corporis eligendi eos magni recusandae laborum minus inventore?</p><p>Lorem ipsum dolor sit amet, consectetur adipisicing elit. Ut, tenetur natus doloremque laborum quos iste ipsum rerum obcaecati impedit odit illo dolorum ab tempora nihil dicta earum fugiat. Temporibus, voluptatibus.</p><p>Lorem ipsum dolor sit amet, consectetur adipisicing elit. Ut, tenetur natus doloremque laborum quos iste ipsum rerum obcaecati impedit odit illo dolorum ab tempora nihil dicta earum fugiat. Temporibus, voluptatibus.</p><p>Lorem ipsum dolor sit amet, consectetur adipisicing elit. Ut, tenetur natus doloremque laborum quos iste ipsum rerum obcaecati impedit odit illo dolorum ab tempora nihil dicta earum fugiat. Temporibus, voluptatibus.</p>', 4),
(25, 1, 'Test post 25', '2016-07-03', '<p class="lead">Lorem ipsum dolor sit amet, consectetur adipisicing elit. Ducimus, vero, obcaecati, aut, error quam sapiente nemo saepe quibusdam sit excepturi nam quia corporis eligendi eos magni recusandae laborum minus inventore?</p><p>Lorem ipsum dolor sit amet, consectetur adipisicing elit. Ut, tenetur natus doloremque laborum quos iste ipsum rerum obcaecati impedit odit illo dolorum ab tempora nihil dicta earum fugiat. Temporibus, voluptatibus.</p><p>Lorem ipsum dolor sit amet, consectetur adipisicing elit. Ut, tenetur natus doloremque laborum quos iste ipsum rerum obcaecati impedit odit illo dolorum ab tempora nihil dicta earum fugiat. Temporibus, voluptatibus.</p><p>Lorem ipsum dolor sit amet, consectetur adipisicing elit. Ut, tenetur natus doloremque laborum quos iste ipsum rerum obcaecati impedit odit illo dolorum ab tempora nihil dicta earum fugiat. Temporibus, voluptatibus.</p>', 4),
(26, 1, 'Test post 26', '2016-07-03', '<p class="lead">Lorem ipsum dolor sit amet, consectetur adipisicing elit. Ducimus, vero, obcaecati, aut, error quam sapiente nemo saepe quibusdam sit excepturi nam quia corporis eligendi eos magni recusandae laborum minus inventore?</p><p>Lorem ipsum dolor sit amet, consectetur adipisicing elit. Ut, tenetur natus doloremque laborum quos iste ipsum rerum obcaecati impedit odit illo dolorum ab tempora nihil dicta earum fugiat. Temporibus, voluptatibus.</p><p>Lorem ipsum dolor sit amet, consectetur adipisicing elit. Ut, tenetur natus doloremque laborum quos iste ipsum rerum obcaecati impedit odit illo dolorum ab tempora nihil dicta earum fugiat. Temporibus, voluptatibus.</p><p>Lorem ipsum dolor sit amet, consectetur adipisicing elit. Ut, tenetur natus doloremque laborum quos iste ipsum rerum obcaecati impedit odit illo dolorum ab tempora nihil dicta earum fugiat. Temporibus, voluptatibus.</p>', 4),
(27, 1, 'Test post 27', '2016-07-03', '<p class="lead">Lorem ipsum dolor sit amet, consectetur adipisicing elit. Ducimus, vero, obcaecati, aut, error quam sapiente nemo saepe quibusdam sit excepturi nam quia corporis eligendi eos magni recusandae laborum minus inventore?</p><p>Lorem ipsum dolor sit amet, consectetur adipisicing elit. Ut, tenetur natus doloremque laborum quos iste ipsum rerum obcaecati impedit odit illo dolorum ab tempora nihil dicta earum fugiat. Temporibus, voluptatibus.</p><p>Lorem ipsum dolor sit amet, consectetur adipisicing elit. Ut, tenetur natus doloremque laborum quos iste ipsum rerum obcaecati impedit odit illo dolorum ab tempora nihil dicta earum fugiat. Temporibus, voluptatibus.</p><p>Lorem ipsum dolor sit amet, consectetur adipisicing elit. Ut, tenetur natus doloremque laborum quos iste ipsum rerum obcaecati impedit odit illo dolorum ab tempora nihil dicta earum fugiat. Temporibus, voluptatibus.</p>', 4),
(28, 1, 'Test post 28', '2016-07-03', '<p class="lead">Lorem ipsum dolor sit amet, consectetur adipisicing elit. Ducimus, vero, obcaecati, aut, error quam sapiente nemo saepe quibusdam sit excepturi nam quia corporis eligendi eos magni recusandae laborum minus inventore?</p><p>Lorem ipsum dolor sit amet, consectetur adipisicing elit. Ut, tenetur natus doloremque laborum quos iste ipsum rerum obcaecati impedit odit illo dolorum ab tempora nihil dicta earum fugiat. Temporibus, voluptatibus.</p><p>Lorem ipsum dolor sit amet, consectetur adipisicing elit. Ut, tenetur natus doloremque laborum quos iste ipsum rerum obcaecati impedit odit illo dolorum ab tempora nihil dicta earum fugiat. Temporibus, voluptatibus.</p><p>Lorem ipsum dolor sit amet, consectetur adipisicing elit. Ut, tenetur natus doloremque laborum quos iste ipsum rerum obcaecati impedit odit illo dolorum ab tempora nihil dicta earum fugiat. Temporibus, voluptatibus.</p>', 4),
(29, 1, 'Test post 29', '2016-07-03', '<p class="lead">Lorem ipsum dolor sit amet, consectetur adipisicing elit. Ducimus, vero, obcaecati, aut, error quam sapiente nemo saepe quibusdam sit excepturi nam quia corporis eligendi eos magni recusandae laborum minus inventore?</p><p>Lorem ipsum dolor sit amet, consectetur adipisicing elit. Ut, tenetur natus doloremque laborum quos iste ipsum rerum obcaecati impedit odit illo dolorum ab tempora nihil dicta earum fugiat. Temporibus, voluptatibus.</p><p>Lorem ipsum dolor sit amet, consectetur adipisicing elit. Ut, tenetur natus doloremque laborum quos iste ipsum rerum obcaecati impedit odit illo dolorum ab tempora nihil dicta earum fugiat. Temporibus, voluptatibus.</p><p>Lorem ipsum dolor sit amet, consectetur adipisicing elit. Ut, tenetur natus doloremque laborum quos iste ipsum rerum obcaecati impedit odit illo dolorum ab tempora nihil dicta earum fugiat. Temporibus, voluptatibus.</p>', 4),
(30, 1, 'Test post 30', '2016-07-03', '<p class="lead">Lorem ipsum dolor sit amet, consectetur adipisicing elit. Ducimus, vero, obcaecati, aut, error quam sapiente nemo saepe quibusdam sit excepturi nam quia corporis eligendi eos magni recusandae laborum minus inventore?</p><p>Lorem ipsum dolor sit amet, consectetur adipisicing elit. Ut, tenetur natus doloremque laborum quos iste ipsum rerum obcaecati impedit odit illo dolorum ab tempora nihil dicta earum fugiat. Temporibus, voluptatibus.</p><p>Lorem ipsum dolor sit amet, consectetur adipisicing elit. Ut, tenetur natus doloremque laborum quos iste ipsum rerum obcaecati impedit odit illo dolorum ab tempora nihil dicta earum fugiat. Temporibus, voluptatibus.</p><p>Lorem ipsum dolor sit amet, consectetur adipisicing elit. Ut, tenetur natus doloremque laborum quos iste ipsum rerum obcaecati impedit odit illo dolorum ab tempora nihil dicta earum fugiat. Temporibus, voluptatibus.</p>', 4),
(31, 1, 'Test post 31', '2016-07-03', '<p class="lead">Lorem ipsum dolor sit amet, consectetur adipisicing elit. Ducimus, vero, obcaecati, aut, error quam sapiente nemo saepe quibusdam sit excepturi nam quia corporis eligendi eos magni recusandae laborum minus inventore?</p><p>Lorem ipsum dolor sit amet, consectetur adipisicing elit. Ut, tenetur natus doloremque laborum quos iste ipsum rerum obcaecati impedit odit illo dolorum ab tempora nihil dicta earum fugiat. Temporibus, voluptatibus.</p><p>Lorem ipsum dolor sit amet, consectetur adipisicing elit. Ut, tenetur natus doloremque laborum quos iste ipsum rerum obcaecati impedit odit illo dolorum ab tempora nihil dicta earum fugiat. Temporibus, voluptatibus.</p><p>Lorem ipsum dolor sit amet, consectetur adipisicing elit. Ut, tenetur natus doloremque laborum quos iste ipsum rerum obcaecati impedit odit illo dolorum ab tempora nihil dicta earum fugiat. Temporibus, voluptatibus.</p>', 4),
(32, 1, 'Test post 32', '2016-07-03', '<p class="lead">Lorem ipsum dolor sit amet, consectetur adipisicing elit. Ducimus, vero, obcaecati, aut, error quam sapiente nemo saepe quibusdam sit excepturi nam quia corporis eligendi eos magni recusandae laborum minus inventore?</p><p>Lorem ipsum dolor sit amet, consectetur adipisicing elit. Ut, tenetur natus doloremque laborum quos iste ipsum rerum obcaecati impedit odit illo dolorum ab tempora nihil dicta earum fugiat. Temporibus, voluptatibus.</p><p>Lorem ipsum dolor sit amet, consectetur adipisicing elit. Ut, tenetur natus doloremque laborum quos iste ipsum rerum obcaecati impedit odit illo dolorum ab tempora nihil dicta earum fugiat. Temporibus, voluptatibus.</p><p>Lorem ipsum dolor sit amet, consectetur adipisicing elit. Ut, tenetur natus doloremque laborum quos iste ipsum rerum obcaecati impedit odit illo dolorum ab tempora nihil dicta earum fugiat. Temporibus, voluptatibus.</p>\r\n<!--preview-->\r\n<p class="lead">Lorem ipsum dolor sit amet, consectetur adipisicing elit. Ducimus, vero, obcaecati, aut, error quam sapiente nemo saepe quibusdam sit excepturi nam quia corporis eligendi eos magni recusandae laborum minus inventore?</p><p>Lorem ipsum dolor sit amet, consectetur adipisicing elit. Ut, tenetur natus doloremque laborum quos iste ipsum rerum obcaecati impedit odit illo dolorum ab tempora nihil dicta earum fugiat. Temporibus, voluptatibus.</p><p>Lorem ipsum dolor sit amet, consectetur adipisicing elit. Ut, tenetur natus doloremque laborum quos iste ipsum rerum obcaecati impedit odit illo dolorum ab tempora nihil dicta earum fugiat. Temporibus, voluptatibus.</p><p>Lorem ipsum dolor sit amet, consectetur adipisicing elit. Ut, tenetur natus doloremque laborum quos iste ipsum rerum obcaecati impedit odit illo dolorum ab tempora nihil dicta earum fugiat. Temporibus, voluptatibus.</p>', 4),
(33, 1, 'Test post 33', '2016-07-03', '<p class="lead">Lorem ipsum dolor sit amet, consectetur adipisicing elit. Ducimus, vero, obcaecati, aut, error quam sapiente nemo saepe quibusdam sit excepturi nam quia corporis eligendi eos magni recusandae laborum minus inventore?</p><p>Lorem ipsum dolor sit amet, consectetur adipisicing elit. Ut, tenetur natus doloremque laborum quos iste ipsum rerum obcaecati impedit odit illo dolorum ab tempora nihil dicta earum fugiat. Temporibus, voluptatibus.</p><p>Lorem ipsum dolor sit amet, consectetur adipisicing elit. Ut, tenetur natus doloremque laborum quos iste ipsum rerum obcaecati impedit odit illo dolorum ab tempora nihil dicta earum fugiat. Temporibus, voluptatibus.</p><p>Lorem ipsum dolor sit amet, consectetur adipisicing elit. Ut, tenetur natus doloremque laborum quos iste ipsum rerum obcaecati impedit odit illo dolorum ab tempora nihil dicta earum fugiat. Temporibus, voluptatibus.</p>', 4),
(34, 1, 'Test post 34', '2016-07-03', '<p class="lead">Lorem ipsum dolor sit amet, consectetur adipisicing elit. Ducimus, vero, obcaecati, aut, error quam sapiente nemo saepe quibusdam sit excepturi nam quia corporis eligendi eos magni recusandae laborum minus inventore?</p><p>Lorem ipsum dolor sit amet, consectetur adipisicing elit. Ut, tenetur natus doloremque laborum quos iste ipsum rerum obcaecati impedit odit illo dolorum ab tempora nihil dicta earum fugiat. Temporibus, voluptatibus.</p><p>Lorem ipsum dolor sit amet, consectetur adipisicing elit. Ut, tenetur natus doloremque laborum quos iste ipsum rerum obcaecati impedit odit illo dolorum ab tempora nihil dicta earum fugiat. Temporibus, voluptatibus.</p><p>Lorem ipsum dolor sit amet, consectetur adipisicing elit. Ut, tenetur natus doloremque laborum quos iste ipsum rerum obcaecati impedit odit illo dolorum ab tempora nihil dicta earum fugiat. Temporibus, voluptatibus.</p>', 4),
(35, 1, 'Test post 35', '2016-07-03', '<p class="lead">Lorem ipsum dolor sit amet, consectetur adipisicing elit. Ducimus, vero, obcaecati, aut, error quam sapiente nemo saepe quibusdam sit excepturi nam quia corporis eligendi eos magni recusandae laborum minus inventore?</p><p>Lorem ipsum dolor sit amet, consectetur adipisicing elit. Ut, tenetur natus doloremque laborum quos iste ipsum rerum obcaecati impedit odit illo dolorum ab tempora nihil dicta earum fugiat. Temporibus, voluptatibus.</p><p>Lorem ipsum dolor sit amet, consectetur adipisicing elit. Ut, tenetur natus doloremque laborum quos iste ipsum rerum obcaecati impedit odit illo dolorum ab tempora nihil dicta earum fugiat. Temporibus, voluptatibus.</p><p>Lorem ipsum dolor sit amet, consectetur adipisicing elit. Ut, tenetur natus doloremque laborum quos iste ipsum rerum obcaecati impedit odit illo dolorum ab tempora nihil dicta earum fugiat. Temporibus, voluptatibus.</p>', 4),
(36, 1, 'Test post 36', '2016-07-03', '<p class="lead">Lorem ipsum dolor sit amet, consectetur adipisicing elit. Ducimus, vero, obcaecati, aut, error quam sapiente nemo saepe quibusdam sit excepturi nam quia corporis eligendi eos magni recusandae laborum minus inventore?</p><p>Lorem ipsum dolor sit amet, consectetur adipisicing elit. Ut, tenetur natus doloremque laborum quos iste ipsum rerum obcaecati impedit odit illo dolorum ab tempora nihil dicta earum fugiat. Temporibus, voluptatibus.</p><p>Lorem ipsum dolor sit amet, consectetur adipisicing elit. Ut, tenetur natus doloremque laborum quos iste ipsum rerum obcaecati impedit odit illo dolorum ab tempora nihil dicta earum fugiat. Temporibus, voluptatibus.</p><p>Lorem ipsum dolor sit amet, consectetur adipisicing elit. Ut, tenetur natus doloremque laborum quos iste ipsum rerum obcaecati impedit odit illo dolorum ab tempora nihil dicta earum fugiat. Temporibus, voluptatibus.</p>', 4),
(37, 1, 'Test post 37', '2016-07-03', '<p class="lead">Lorem ipsum dolor sit amet, consectetur adipisicing elit. Ducimus, vero, obcaecati, aut, error quam sapiente nemo saepe quibusdam sit excepturi nam quia corporis eligendi eos magni recusandae laborum minus inventore?</p><p>Lorem ipsum dolor sit amet, consectetur adipisicing elit. Ut, tenetur natus doloremque laborum quos iste ipsum rerum obcaecati impedit odit illo dolorum ab tempora nihil dicta earum fugiat. Temporibus, voluptatibus.</p><p>Lorem ipsum dolor sit amet, consectetur adipisicing elit. Ut, tenetur natus doloremque laborum quos iste ipsum rerum obcaecati impedit odit illo dolorum ab tempora nihil dicta earum fugiat. Temporibus, voluptatibus.</p><p>Lorem ipsum dolor sit amet, consectetur adipisicing elit. Ut, tenetur natus doloremque laborum quos iste ipsum rerum obcaecati impedit odit illo dolorum ab tempora nihil dicta earum fugiat. Temporibus, voluptatibus.</p>', 4),
(38, 1, 'Test post 38', '2016-07-03', '<p class="lead">Lorem ipsum dolor sit amet, consectetur adipisicing elit. Ducimus, vero, obcaecati, aut, error quam sapiente nemo saepe quibusdam sit excepturi nam quia corporis eligendi eos magni recusandae laborum minus inventore?</p><p>Lorem ipsum dolor sit amet, consectetur adipisicing elit. Ut, tenetur natus doloremque laborum quos iste ipsum rerum obcaecati impedit odit illo dolorum ab tempora nihil dicta earum fugiat. Temporibus, voluptatibus.</p><p>Lorem ipsum dolor sit amet, consectetur adipisicing elit. Ut, tenetur natus doloremque laborum quos iste ipsum rerum obcaecati impedit odit illo dolorum ab tempora nihil dicta earum fugiat. Temporibus, voluptatibus.</p><p>Lorem ipsum dolor sit amet, consectetur adipisicing elit. Ut, tenetur natus doloremque laborum quos iste ipsum rerum obcaecati impedit odit illo dolorum ab tempora nihil dicta earum fugiat. Temporibus, voluptatibus.</p>', 4),
(39, 1, 'Test post 39', '2016-07-03', '<p class="lead">Lorem ipsum dolor sit amet, consectetur adipisicing elit. Ducimus, vero, obcaecati, aut, error quam sapiente nemo saepe quibusdam sit excepturi nam quia corporis eligendi eos magni recusandae laborum minus inventore?</p><p>Lorem ipsum dolor sit amet, consectetur adipisicing elit. Ut, tenetur natus doloremque laborum quos iste ipsum rerum obcaecati impedit odit illo dolorum ab tempora nihil dicta earum fugiat. Temporibus, voluptatibus.</p><p>Lorem ipsum dolor sit amet, consectetur adipisicing elit. Ut, tenetur natus doloremque laborum quos iste ipsum rerum obcaecati impedit odit illo dolorum ab tempora nihil dicta earum fugiat. Temporibus, voluptatibus.</p><p>Lorem ipsum dolor sit amet, consectetur adipisicing elit. Ut, tenetur natus doloremque laborum quos iste ipsum rerum obcaecati impedit odit illo dolorum ab tempora nihil dicta earum fugiat. Temporibus, voluptatibus.</p>', 4),
(40, 1, 'Test post 40', '2016-07-03', '<p class="lead">Lorem ipsum dolor sit amet, consectetur adipisicing elit. Ducimus, vero, obcaecati, aut, error quam sapiente nemo saepe quibusdam sit excepturi nam quia corporis eligendi eos magni recusandae laborum minus inventore?</p><p>Lorem ipsum dolor sit amet, consectetur adipisicing elit. Ut, tenetur natus doloremque laborum quos iste ipsum rerum obcaecati impedit odit illo dolorum ab tempora nihil dicta earum fugiat. Temporibus, voluptatibus.</p><p>Lorem ipsum dolor sit amet, consectetur adipisicing elit. Ut, tenetur natus doloremque laborum quos iste ipsum rerum obcaecati impedit odit illo dolorum ab tempora nihil dicta earum fugiat. Temporibus, voluptatibus.</p><p>Lorem ipsum dolor sit amet, consectetur adipisicing elit. Ut, tenetur natus doloremque laborum quos iste ipsum rerum obcaecati impedit odit illo dolorum ab tempora nihil dicta earum fugiat. Temporibus, voluptatibus.</p>', 4),
(41, 1, 'Test post 41', '2016-07-03', '<img class="img-responsive" src="/public/img/2014-11-14-11.56.04-am1-900x300.png">\r\n<hr>\r\n<p class="lead">Lorem ipsum dolor sit amet, consectetur adipisicing elit. Ducimus, vero, obcaecati, aut, error quam sapiente nemo saepe quibusdam sit excepturi nam quia corporis eligendi eos magni recusandae laborum minus inventore?</p><p>Lorem ipsum dolor sit amet, consectetur adipisicing elit. Ut, tenetur natus doloremque laborum quos iste ipsum rerum obcaecati impedit odit illo dolorum ab tempora nihil dicta earum fugiat. Temporibus, voluptatibus.</p><p>Lorem ipsum dolor sit amet, consectetur adipisicing elit. Ut, tenetur natus doloremque laborum quos iste ipsum rerum obcaecati impedit odit illo dolorum ab tempora nihil dicta earum fugiat. Temporibus, voluptatibus.</p><p>Lorem ipsum dolor sit amet, consectetur adipisicing elit. Ut, tenetur natus doloremque laborum quos iste ipsum rerum obcaecati impedit odit illo dolorum ab tempora nihil dicta earum fugiat. Temporibus, voluptatibus.</p>', 4),
(42, 1, 'Test post 42', '2016-07-03', '<img class="img-responsive" src="/public/img/68210_900.jpg">\r\n<hr>\r\n<p class="lead">Lorem ipsum dolor sit amet, consectetur adipisicing elit. Ducimus, vero, obcaecati, aut, error quam sapiente nemo saepe quibusdam sit excepturi nam quia corporis eligendi eos magni recusandae laborum minus inventore?</p><p>Lorem ipsum dolor sit amet, consectetur adipisicing elit. Ut, tenetur natus doloremque laborum quos iste ipsum rerum obcaecati impedit odit illo dolorum ab tempora nihil dicta earum fugiat. Temporibus, voluptatibus.</p><p>Lorem ipsum dolor sit amet, consectetur adipisicing elit. Ut, tenetur natus doloremque laborum quos iste ipsum rerum obcaecati impedit odit illo dolorum ab tempora nihil dicta earum fugiat. Temporibus, voluptatibus.</p><p>Lorem ipsum dolor sit amet, consectetur adipisicing elit. Ut, tenetur natus doloremque laborum quos iste ipsum rerum obcaecati impedit odit illo dolorum ab tempora nihil dicta earum fugiat. Temporibus, voluptatibus.</p>', 4),
(43, 1, 'Test post 43', '2016-07-03', '<img class="img-responsive" src="/public/img/68210_900.jpg">\r\n<p class="lead">Lorem ipsum dolor sit amet, consectetur adipisicing elit. Ducimus, vero, obcaecati, aut, error quam sapiente nemo saepe quibusdam sit excepturi nam quia corporis eligendi eos magni recusandae laborum minus inventore?</p><p>Lorem ipsum dolor sit amet, consectetur adipisicing elit. Ut, tenetur natus doloremque laborum quos iste ipsum rerum obcaecati impedit odit illo dolorum ab tempora nihil dicta earum fugiat. Temporibus, voluptatibus.</p><p>Lorem ipsum dolor sit amet, consectetur adipisicing elit. Ut, tenetur natus doloremque laborum quos iste ipsum rerum obcaecati impedit odit illo dolorum ab tempora nihil dicta earum fugiat. Temporibus, voluptatibus.</p><p>Lorem ipsum dolor sit amet, consectetur adipisicing elit. Ut, tenetur natus doloremque laborum quos iste ipsum rerum obcaecati impedit odit illo dolorum ab tempora nihil dicta earum fugiat. Temporibus, voluptatibus.</p>', 4),
(44, 1, 'Test post 44', '2016-07-03', '<img class="img-responsive" src="/public/img/aws-reinvent-2014.jpg">\r\n<hr>\r\n<p class="lead">Lorem ipsum dolor sit amet, consectetur adipisicing elit. Ducimus, vero, obcaecati, aut, error quam sapiente nemo saepe quibusdam sit excepturi nam quia corporis eligendi eos magni recusandae laborum minus inventore?</p><p>Lorem ipsum dolor sit amet, consectetur adipisicing elit. Ut, tenetur natus doloremque laborum quos iste ipsum rerum obcaecati impedit odit illo dolorum ab tempora nihil dicta earum fugiat. Temporibus, voluptatibus.</p><p>Lorem ipsum dolor sit amet, consectetur adipisicing elit. Ut, tenetur natus doloremque laborum quos iste ipsum rerum obcaecati impedit odit illo dolorum ab tempora nihil dicta earum fugiat. Temporibus, voluptatibus.</p><p>Lorem ipsum dolor sit amet, consectetur adipisicing elit. Ut, tenetur natus doloremque laborum quos iste ipsum rerum obcaecati impedit odit illo dolorum ab tempora nihil dicta earum fugiat. Temporibus, voluptatibus.</p>', 4),
(45, 1, 'Test post 45', '2016-07-03', '<img class="img-responsive" src="/public/img/best-freelance-web-designer-hyderabad.png" >\r\n<hr>\r\n<p class="lead">Lorem ipsum dolor sit amet, consectetur adipisicing elit. Ducimus, vero, obcaecati, aut, error quam sapiente nemo saepe quibusdam sit excepturi nam quia corporis eligendi eos magni recusandae laborum minus inventore?</p><p>Lorem ipsum dolor sit amet, consectetur adipisicing elit. Ut, tenetur natus doloremque laborum quos iste ipsum rerum obcaecati impedit odit illo dolorum ab tempora nihil dicta earum fugiat. Temporibus, voluptatibus.</p><p>Lorem ipsum dolor sit amet, consectetur adipisicing elit. Ut, tenetur natus doloremque laborum quos iste ipsum rerum obcaecati impedit odit illo dolorum ab tempora nihil dicta earum fugiat. Temporibus, voluptatibus.</p><p>Lorem ipsum dolor sit amet, consectetur adipisicing elit. Ut, tenetur natus doloremque laborum quos iste ipsum rerum obcaecati impedit odit illo dolorum ab tempora nihil dicta earum fugiat. Temporibus, voluptatibus.</p>', 4),
(46, 1, 'Test post 46', '2016-07-03', '<img class="img-responsive" src="/public/img/header-meeting-table.jpg" >\r\n<hr>\r\n<p class="lead">Lorem ipsum dolor sit amet, consectetur adipisicing elit. Ducimus, vero, obcaecati, aut, error quam sapiente nemo saepe quibusdam sit excepturi nam quia corporis eligendi eos magni recusandae laborum minus inventore?</p><p>Lorem ipsum dolor sit amet, consectetur adipisicing elit. Ut, tenetur natus doloremque laborum quos iste ipsum rerum obcaecati impedit odit illo dolorum ab tempora nihil dicta earum fugiat. Temporibus, voluptatibus.</p><p>Lorem ipsum dolor sit amet, consectetur adipisicing elit. Ut, tenetur natus doloremque laborum quos iste ipsum rerum obcaecati impedit odit illo dolorum ab tempora nihil dicta earum fugiat. Temporibus, voluptatibus.</p><p>Lorem ipsum dolor sit amet, consectetur adipisicing elit. Ut, tenetur natus doloremque laborum quos iste ipsum rerum obcaecati impedit odit illo dolorum ab tempora nihil dicta earum fugiat. Temporibus, voluptatibus.</p>', 4),
(47, 1, 'Test post 47', '2016-07-03', '<img class="img-responsive" src="/public/img/ironpaper-development-logos-tech-stack.gif" >\r\n<hr>\r\n<p class="lead">Lorem ipsum dolor sit amet, consectetur adipisicing elit. Ducimus, vero, obcaecati, aut, error quam sapiente nemo saepe quibusdam sit excepturi nam quia corporis eligendi eos magni recusandae laborum minus inventore?</p><p>Lorem ipsum dolor sit amet, consectetur adipisicing elit. Ut, tenetur natus doloremque laborum quos iste ipsum rerum obcaecati impedit odit illo dolorum ab tempora nihil dicta earum fugiat. Temporibus, voluptatibus.</p><p>Lorem ipsum dolor sit amet, consectetur adipisicing elit. Ut, tenetur natus doloremque laborum quos iste ipsum rerum obcaecati impedit odit illo dolorum ab tempora nihil dicta earum fugiat. Temporibus, voluptatibus.</p><p>Lorem ipsum dolor sit amet, consectetur adipisicing elit. Ut, tenetur natus doloremque laborum quos iste ipsum rerum obcaecati impedit odit illo dolorum ab tempora nihil dicta earum fugiat. Temporibus, voluptatibus.</p>', 4),
(48, 1, 'Test post 48', '2016-07-03', '<img class="img-responsive" src="/public/img/web-development-inner.jpg" >\r\n<hr>\r\n<p class="lead">Lorem ipsum dolor sit amet, consectetur adipisicing elit. Ducimus, vero, obcaecati, aut, error quam sapiente nemo saepe quibusdam sit excepturi nam quia corporis eligendi eos magni recusandae laborum minus inventore?</p><p>Lorem ipsum dolor sit amet, consectetur adipisicing elit. Ut, tenetur natus doloremque laborum quos iste ipsum rerum obcaecati impedit odit illo dolorum ab tempora nihil dicta earum fugiat. Temporibus, voluptatibus.</p><p>Lorem ipsum dolor sit amet, consectetur adipisicing elit. Ut, tenetur natus doloremque laborum quos iste ipsum rerum obcaecati impedit odit illo dolorum ab tempora nihil dicta earum fugiat. Temporibus, voluptatibus.</p><p>Lorem ipsum dolor sit amet, consectetur adipisicing elit. Ut, tenetur natus doloremque laborum quos iste ipsum rerum obcaecati impedit odit illo dolorum ab tempora nihil dicta earum fugiat. Temporibus, voluptatibus.</p>', 4),
(49, 2, 'Test post 49', '2016-07-03', '<img class="img-responsive" src="/public/img/web-portal-development.png" >\r\n<hr>\r\n<p class="lead">Lorem ipsum dolor sit amet, consectetur adipisicing elit. Ducimus, vero, obcaecati, aut, error quam sapiente nemo saepe quibusdam sit excepturi nam quia corporis eligendi eos magni recusandae laborum minus inventore?</p><p>Lorem ipsum dolor sit amet, consectetur adipisicing elit. Ut, tenetur natus doloremque laborum quos iste ipsum rerum obcaecati impedit odit illo dolorum ab tempora nihil dicta earum fugiat. Temporibus, voluptatibus.</p><p>Lorem ipsum dolor sit amet, consectetur adipisicing elit. Ut, tenetur natus doloremque laborum quos iste ipsum rerum obcaecati impedit odit illo dolorum ab tempora nihil dicta earum fugiat. Temporibus, voluptatibus.</p><p>Lorem ipsum dolor sit amet, consectetur adipisicing elit. Ut, tenetur natus doloremque laborum quos iste ipsum rerum obcaecati impedit odit illo dolorum ab tempora nihil dicta earum fugiat. Temporibus, voluptatibus.</p>', 4),
(50, 2, 'Test post 50', '2016-07-03', '<img class="img-responsive" src="/public/img/Web_service_banner_02.png" >\r\n<hr>\r\n<p class="lead">Lorem ipsum dolor sit amet, consectetur adipisicing elit. Ducimus, vero, obcaecati, aut, error quam sapiente nemo saepe quibusdam sit excepturi nam quia corporis eligendi eos magni recusandae laborum minus inventore?</p><p>Lorem ipsum dolor sit amet, consectetur adipisicing elit. Ut, tenetur natus doloremque laborum quos iste ipsum rerum obcaecati impedit odit illo dolorum ab tempora nihil dicta earum fugiat. Temporibus, voluptatibus.</p><p>Lorem ipsum dolor sit amet, consectetur adipisicing elit. Ut, tenetur natus doloremque laborum quos iste ipsum rerum obcaecati impedit odit illo dolorum ab tempora nihil dicta earum fugiat. Temporibus, voluptatibus.</p><p>Lorem ipsum dolor sit amet, consectetur adipisicing elit. Ut, tenetur natus doloremque laborum quos iste ipsum rerum obcaecati impedit odit illo dolorum ab tempora nihil dicta earum fugiat. Temporibus, voluptatibus.</p>', 4);
INSERT INTO `post` (`post_id`, `user_id`, `title`, `date`, `content`, `post_category_id`) VALUES
(51, 1, 'Test post 51', '2016-07-03', '<img class="img-responsive" src="/public/img/web_design_page.jpg" >\r\n<hr>\r\n<p class="lead">Lorem ipsum dolor sit amet, consectetur adipisicing elit. Ducimus, vero, obcaecati, aut, error quam sapiente nemo saepe quibusdam sit excepturi nam quia corporis eligendi eos magni recusandae laborum minus inventore?</p><p>Lorem ipsum dolor sit amet, consectetur adipisicing elit. Ut, tenetur natus doloremque laborum quos iste ipsum rerum obcaecati impedit odit illo dolorum ab tempora nihil dicta earum fugiat. Temporibus, voluptatibus.</p><p>Lorem ipsum dolor sit amet, consectetur adipisicing elit. Ut, tenetur natus doloremque laborum quos iste ipsum rerum obcaecati impedit odit illo dolorum ab tempora nihil dicta earum fugiat. Temporibus, voluptatibus.</p><p>Lorem ipsum dolor sit amet, consectetur adipisicing elit. Ut, tenetur natus doloremque laborum quos iste ipsum rerum obcaecati impedit odit illo dolorum ab tempora nihil dicta earum fugiat. Temporibus, voluptatibus.</p>', 4);

-- --------------------------------------------------------

--
-- Table structure for table `post_category`
--

CREATE TABLE IF NOT EXISTS `post_category` (
  `post_id` bigint(20) unsigned NOT NULL,
  `category_id` bigint(20) unsigned NOT NULL
) ENGINE=InnoDB DEFAULT CHARSET=utf8;

--
-- Dumping data for table `post_category`
--

INSERT INTO `post_category` (`post_id`, `category_id`) VALUES
(51, 4),
(50, 3),
(51, 1),
(49, 4),
(49, 2),
(49, 5),
(48, 1),
(47, 5),
(46, 4),
(46, 3),
(40, 4),
(39, 4),
(38, 4),
(37, 4),
(36, 4),
(35, 4),
(34, 4),
(33, 4),
(32, 4),
(31, 4);

-- --------------------------------------------------------

--
-- Table structure for table `user`
--

CREATE TABLE IF NOT EXISTS `user` (
  `user_id` bigint(20) unsigned NOT NULL,
  `user_name` varchar(255) NOT NULL,
  `registration_date` date NOT NULL DEFAULT '0000-00-00',
  `avatar_url` varchar(255) NOT NULL DEFAULT 'http://placehold.it/64x64',
  `phone` varchar(100) NOT NULL,
  `email` varchar(255) NOT NULL,
  `web_site` varchar(255) NOT NULL
) ENGINE=InnoDB AUTO_INCREMENT=3 DEFAULT CHARSET=utf8;

--
-- Dumping data for table `user`
--

INSERT INTO `user` (`user_id`, `user_name`, `registration_date`, `avatar_url`, `phone`, `email`, `web_site`) VALUES
(1, 'MoF', '2016-06-14', '/public/img/user_avatars/che_guavarra.jpg', '032454545', 'zhenyast@yandex.ru', 'https://google.com'),
(2, 'Tird', '2015-10-21', '/public/img/user_avatars/albert.jpg', '032126541', 'tird45@yandex.ru', 'http://yandex.ru');

--
-- Indexes for dumped tables
--

--
-- Indexes for table `category`
--
ALTER TABLE `category`
  ADD PRIMARY KEY (`category_id`);

--
-- Indexes for table `comment`
--
ALTER TABLE `comment`
  ADD PRIMARY KEY (`comment_id`),
  ADD KEY `author_id` (`user_id`),
  ADD KEY `post_id` (`post_id`);

--
-- Indexes for table `post`
--
ALTER TABLE `post`
  ADD PRIMARY KEY (`post_id`),
  ADD KEY `author_id` (`user_id`),
  ADD KEY `post_category_id` (`post_category_id`);

--
-- Indexes for table `post_category`
--
ALTER TABLE `post_category`
  ADD KEY `post_id` (`post_id`),
  ADD KEY `category_id` (`category_id`);

--
-- Indexes for table `user`
--
ALTER TABLE `user`
  ADD PRIMARY KEY (`user_id`),
  ADD UNIQUE KEY `user_name` (`user_name`),
  ADD KEY `author_id` (`user_id`);

--
-- AUTO_INCREMENT for dumped tables
--

--
-- AUTO_INCREMENT for table `category`
--
ALTER TABLE `category`
  MODIFY `category_id` bigint(20) unsigned NOT NULL AUTO_INCREMENT,AUTO_INCREMENT=6;
--
-- AUTO_INCREMENT for table `comment`
--
ALTER TABLE `comment`
  MODIFY `comment_id` bigint(20) unsigned NOT NULL AUTO_INCREMENT,AUTO_INCREMENT=5;
--
-- AUTO_INCREMENT for table `post`
--
ALTER TABLE `post`
  MODIFY `post_id` bigint(20) unsigned NOT NULL AUTO_INCREMENT,AUTO_INCREMENT=52;
--
-- AUTO_INCREMENT for table `user`
--
ALTER TABLE `user`
  MODIFY `user_id` bigint(20) unsigned NOT NULL AUTO_INCREMENT,AUTO_INCREMENT=3;
--
-- Constraints for dumped tables
--

--
-- Constraints for table `comment`
--
ALTER TABLE `comment`
  ADD CONSTRAINT `comment_ibfk_3` FOREIGN KEY (`user_id`) REFERENCES `user` (`user_id`),
  ADD CONSTRAINT `comment_ibfk_2` FOREIGN KEY (`post_id`) REFERENCES `post` (`post_id`);

--
-- Constraints for table `post`
--
ALTER TABLE `post`
  ADD CONSTRAINT `post_ibfk_3` FOREIGN KEY (`user_id`) REFERENCES `user` (`user_id`),
  ADD CONSTRAINT `post_ibfk_2` FOREIGN KEY (`post_category_id`) REFERENCES `category` (`category_id`);

--
-- Constraints for table `post_category`
--
ALTER TABLE `post_category`
  ADD CONSTRAINT `post_category_ibfk_2` FOREIGN KEY (`category_id`) REFERENCES `category` (`category_id`),
  ADD CONSTRAINT `post_category_ibfk_1` FOREIGN KEY (`post_id`) REFERENCES `post` (`post_id`);

/*!40101 SET CHARACTER_SET_CLIENT=@OLD_CHARACTER_SET_CLIENT */;
/*!40101 SET CHARACTER_SET_RESULTS=@OLD_CHARACTER_SET_RESULTS */;
/*!40101 SET COLLATION_CONNECTION=@OLD_COLLATION_CONNECTION */;
